"dd","mm","municipio"
"88","115","GHANA"
"88","120","ALEMANIA"
"88","130","ARGELIA"
"88","135","ARZERBAIYAN"
"88","140","CURAZAO"
"88","155","ARGENTINA"
"88","160","ARUBA"
"88","165","AUSTRALIA"
"88","170","AUSTRIA"
"88","190","BELGICA"
"88","215","BOLIVIA"
"88","220","BRASIL"
"88","250","CANADA"
"88","275","COREA DEL SUR"
"88","285","COSTA RICA"
"88","290","CUBA"
"88","305","CHILE"
"88","315","CHINA REPUBLICA POPULAR"
"88","320","CHIPRE"
"88","325","DINAMARCA"
"88","330","ECUADOR"
"88","335","EGIPTO"
"88","340","EL SALVADOR"
"88","350","EMIRATOS ARABES UNIDOS"
"88","355","ESPAÑA"
"88","360","ESTADOS UNIDOS"
"88","370","REPUBLICA DE FILIPINAS"
"88","375","FINLANDIA"
"88","380","FRANCIA"
"88","405","GRECIA"
"88","410","GUATEMALA"
"88","415","BELICE"
"88","435","PAISES BAJOS"
"88","440","HONDURAS"
"88","455","INDIA"
"88","460","INDONESIA"
"88","465","INGLATERRA"
"88","470","IRLANDA"
"88","490","ISRAEL"
"88","495","ITALIA"
"88","500","JAMAICA"
"88","505","JAPON"
"88","515","KENIA"
"88","535","LIBANO"
"88","540","LUXEMBURGO"
"88","560","MALASIA"
"88","580","MARRUECOS"
"88","590","MEXICO"
"88","620","NICARAGUA"
"88","625","NUEVA ZELANDIA"
"88","635","NORUEGA"
"88","655","PANAMA"
"88","665","PARAGUAY"
"88","670","PERU"
"88","675","POLONIA"
"88","680","PORTUGAL"
"88","683","PUERTO RICO"
"88","685","REPUBLICA DOMINICANA"
"88","688","REPUBLICA DE SINGAPUR"
"88","690","REPUBLICA SOCIALISTA DEVIETNAM"
"88","700","RUSIA"
"88","745","SUDAFRICA"
"88","755","SUECIA"
"88","760","SUIZA"
"88","765","TAILANDIA"
"88","770","TURQUIA"
"88","785","TRINIDAD Y TOBAGO"
"88","805","URUGUAY"
"88","815","VENEZUELA"
